timestamp,agent_id,trade_value,tool_name,status
2024-01-01 00:00:00,A040,24.909596552032234,validate_order,success
2024-01-01 00:01:00,A023,56.3194895788614,execute_trade,success
2024-01-01 00:02:00,A032,86.5045185073401,risk_check,success
2024-01-01 00:03:00,A035,54.72479943711644,validate_order,success
2024-01-01 00:04:00,A046,64.25055299315932,risk_check,success
2024-01-01 00:05:00,A046,98.71285730768976,risk_check,success
2024-01-01 00:06:00,A024,19.400945938565307,validate_order,success
2024-01-01 00:07:00,A029,17.863409831068775,execute_trade,success
2024-01-01 00:08:00,A048,97.03040364272985,execute_trade,failure
2024-01-01 00:09:00,A046,70.12235653581753,risk_check,failure
2024-01-01 00:10:00,A034,71.95873473155493,execute_trade,success
2024-01-01 00:11:00,A049,46.19811898444347,validate_order,success
2024-01-01 00:12:00,A040,31.648586211403035,validate_order,success
2024-01-01 00:13:00,A040,27.04355370279279,risk_check,success
2024-01-01 00:14:00,A030,41.965032113924494,risk_check,success
2024-01-01 00:15:00,A020,16.50951419510734,execute_trade,success
2024-01-01 00:16:00,A047,30.733488919872332,risk_check,success
2024-01-01 00:17:00,A022,26.51620393371429,execute_trade,failure
2024-01-01 00:18:00,A022,71.68798057811762,validate_order,success
2024-01-01 00:19:00,A022,48.11059813405847,risk_check,success
2024-01-01 00:20:00,A021,53.954222969452736,execute_trade,success
2024-01-01 00:21:00,A047,92.4277142244364,validate_order,success
2024-01-01 00:22:00,A046,76.59937931247559,validate_order,success
2024-01-01 00:23:00,A032,61.3649665300873,risk_check,success
2024-01-01 00:24:00,A034,53.60909108150154,risk_check,success
2024-01-01 00:25:00,A023,60.98088660636137,risk_check,success
2024-01-01 00:26:00,A042,87.49564056964599,execute_trade,success
2024-01-01 00:27:00,A029,60.11731878000652,validate_order,success
2024-01-01 00:28:00,A048,75.91934460290308,execute_trade,success
2024-01-01 00:29:00,A022,45.31747975107244,validate_order,success
2024-01-01 00:30:00,A023,44.08322272956362,execute_trade,success
2024-01-01 00:31:00,A039,39.08159695853276,risk_check,success
2024-01-01 00:32:00,A037,77.98874515581544,execute_trade,success
2024-01-01 00:33:00,A025,22.833081900368814,validate_order,success
2024-01-01 00:34:00,A039,45.08285618597312,risk_check,success
2024-01-01 00:35:00,A026,77.02958053968817,validate_order,failure
2024-01-01 00:36:00,A049,35.00690893238867,risk_check,success
2024-01-01 00:37:00,A044,61.124504314168774,risk_check,success
2024-01-01 00:38:00,A044,90.2887463750416,validate_order,success
2024-01-01 00:39:00,A043,26.23018525566575,validate_order,success
2024-01-01 00:40:00,A030,47.988621307061685,validate_order,success
2024-01-01 00:41:00,A035,37.04255993269496,validate_order,success
2024-01-01 00:42:00,A036,58.9994278655354,execute_trade,success
2024-01-01 00:43:00,A021,25.92186959245633,validate_order,success
2024-01-01 00:44:00,A023,11.803633512026199,execute_trade,success
2024-01-01 00:45:00,A041,84.74723201664231,validate_order,success
2024-01-01 00:46:00,A029,12.845929310337667,execute_trade,success
2024-01-01 00:47:00,A024,89.92076842312139,validate_order,success
2024-01-01 00:48:00,A039,53.03475603495149,execute_trade,failure
2024-01-01 00:49:00,A040,49.68808786708622,risk_check,success
2024-01-01 00:50:00,A020,46.85873447528856,execute_trade,success
2024-01-01 00:51:00,A031,68.08595415046362,execute_trade,success
2024-01-01 00:52:00,A032,30.95652854405396,execute_trade,failure
2024-01-01 00:53:00,A026,59.57076777866495,execute_trade,success
2024-01-01 00:54:00,A046,70.93074150577948,execute_trade,success
2024-01-01 00:55:00,A030,65.1014021118812,risk_check,success
2024-01-01 00:56:00,A024,16.45420130579215,validate_order,success
2024-01-01 00:57:00,A037,42.60069817456774,risk_check,success
2024-01-01 00:58:00,A033,66.9761907574357,execute_trade,success
2024-01-01 00:59:00,A045,35.33869700133108,execute_trade,failure
2024-01-01 01:00:00,A033,22.13370863856106,risk_check,success
2024-01-01 01:01:00,A030,65.49407793944627,validate_order,success
2024-01-01 01:02:00,A026,65.81271121733442,risk_check,success
2024-01-01 01:03:00,A032,45.32119597288146,execute_trade,success
2024-01-01 01:04:00,A035,74.60818017838979,execute_trade,success
2024-01-01 01:05:00,A039,80.1602588451695,validate_order,success
2024-01-01 01:06:00,A027,20.52432304752675,execute_trade,success
2024-01-01 01:07:00,A027,38.014056782810705,execute_trade,success
2024-01-01 01:08:00,A034,30.09162592608539,execute_trade,success
2024-01-01 01:09:00,A031,25.994987784339198,execute_trade,success
2024-01-01 01:10:00,A041,57.824427653482175,execute_trade,failure
2024-01-01 01:11:00,A045,70.92990447479852,execute_trade,success
2024-01-01 01:12:00,A026,62.9243242937911,risk_check,success
2024-01-01 01:13:00,A022,36.56504509281872,risk_check,success
2024-01-01 01:14:00,A029,99.67927307605467,risk_check,success
2024-01-01 01:15:00,A039,73.98332414928144,execute_trade,success
2024-01-01 01:16:00,A042,40.6646883912551,risk_check,success
2024-01-01 01:17:00,A046,52.51474868886934,validate_order,success
2024-01-01 01:18:00,A030,77.48531099881012,validate_order,success
2024-01-01 01:19:00,A022,77.36698373561866,risk_check,success
2024-01-01 01:20:00,A022,52.38843611838119,validate_order,success
2024-01-01 01:21:00,A031,18.259824871832457,risk_check,success
2024-01-01 01:22:00,A046,74.68841753308901,execute_trade,success
2024-01-01 01:23:00,A021,72.55365748363468,validate_order,success
2024-01-01 01:24:00,A029,14.674188154698546,execute_trade,failure
2024-01-01 01:25:00,A047,96.46422478780626,risk_check,success
2024-01-01 01:26:00,A041,83.37490412025218,validate_order,success
2024-01-01 01:27:00,A021,56.92964375768046,risk_check,success
2024-01-01 01:28:00,A031,94.2350185846998,validate_order,failure
2024-01-01 01:29:00,A036,67.47689564124765,execute_trade,success
2024-01-01 01:30:00,A034,98.42281321800776,execute_trade,success
2024-01-01 01:31:00,A047,26.458430198739197,risk_check,success
2024-01-01 01:32:00,A043,50.43978680522558,validate_order,success
2024-01-01 01:33:00,A045,29.775551454551685,validate_order,success
2024-01-01 01:34:00,A044,48.88138832771073,risk_check,success
2024-01-01 01:35:00,A040,29.59893656834701,risk_check,success
2024-01-01 01:36:00,A038,55.412968897246735,execute_trade,success
2024-01-01 01:37:00,A030,52.3924252450695,risk_check,success
2024-01-01 01:38:00,A041,92.7375446641519,execute_trade,success
2024-01-01 01:39:00,A023,50.14824353710198,risk_check,success
2024-01-01 01:40:00,A040,49.032603431395316,risk_check,success
2024-01-01 01:41:00,A037,78.90708510859837,risk_check,success
2024-01-01 01:42:00,A037,28.28654461413919,validate_order,success
2024-01-01 01:43:00,A044,18.897206511419707,execute_trade,success
2024-01-01 01:44:00,A048,39.5090356150397,execute_trade,success
2024-01-01 01:45:00,A039,63.929558149143006,validate_order,success
2024-01-01 01:46:00,A030,63.3143613731506,risk_check,success
2024-01-01 01:47:00,A031,63.619877615198206,execute_trade,success
2024-01-01 01:48:00,A022,74.33989298691166,validate_order,failure
2024-01-01 01:49:00,A025,64.82729395222862,execute_trade,success
2024-01-01 01:50:00,A045,72.10848772509382,validate_order,success
2024-01-01 01:51:00,A029,79.0585103492166,validate_order,success
2024-01-01 01:52:00,A044,31.766171203413535,risk_check,success
2024-01-01 01:53:00,A042,31.70539595294508,risk_check,success
2024-01-01 01:54:00,A031,36.74426814909816,validate_order,success
2024-01-01 01:55:00,A033,93.0108390541302,execute_trade,success
2024-01-01 01:56:00,A042,53.63384747406677,risk_check,success
2024-01-01 01:57:00,A046,42.07912729403554,execute_trade,success
2024-01-01 01:58:00,A047,74.84180472656757,risk_check,success
2024-01-01 01:59:00,A020,34.677722270953986,validate_order,success
2024-01-01 02:00:00,A032,26.028038368143488,validate_order,success
2024-01-01 02:01:00,A039,60.9416372696163,risk_check,success
2024-01-01 02:02:00,A028,87.87662741487506,execute_trade,success
2024-01-01 02:03:00,A040,33.49990631508293,validate_order,success
2024-01-01 02:04:00,A044,13.284071405247346,execute_trade,success
2024-01-01 02:05:00,A034,67.00991532199629,validate_order,failure
2024-01-01 02:06:00,A030,44.99521931874009,risk_check,success
2024-01-01 02:07:00,A025,23.792339823847527,risk_check,failure
2024-01-01 02:08:00,A025,20.032190403291107,execute_trade,success
2024-01-01 02:09:00,A026,14.13197739117414,validate_order,success
2024-01-01 02:10:00,A020,18.36349383762044,execute_trade,success
2024-01-01 02:11:00,A041,64.79685771917238,validate_order,success
2024-01-01 02:12:00,A021,72.11733197564875,execute_trade,success
2024-01-01 02:13:00,A046,47.74480307614346,validate_order,success
2024-01-01 02:14:00,A024,80.58917952548718,execute_trade,success
2024-01-01 02:15:00,A027,26.01527752061674,execute_trade,success
2024-01-01 02:16:00,A043,51.059984418615635,execute_trade,success
2024-01-01 02:17:00,A029,38.85614937129751,validate_order,success
2024-01-01 02:18:00,A045,32.40349038366419,risk_check,success
2024-01-01 02:19:00,A038,63.971379356857696,execute_trade,success
2024-01-01 02:20:00,A022,52.97687177205479,validate_order,success
2024-01-01 02:21:00,A023,51.18280463852476,risk_check,failure
2024-01-01 02:22:00,A043,81.83426439339043,execute_trade,success
2024-01-01 02:23:00,A025,13.24414139318234,validate_order,success
2024-01-01 02:24:00,A030,73.52662175438589,validate_order,success
2024-01-01 02:25:00,A034,66.90671733205646,execute_trade,failure
2024-01-01 02:26:00,A043,94.67120343661973,execute_trade,success
2024-01-01 02:27:00,A025,48.907729999990686,execute_trade,success
2024-01-01 02:28:00,A022,81.21610804012231,validate_order,success
2024-01-01 02:29:00,A024,80.40716800885949,risk_check,success
2024-01-01 02:30:00,A043,14.698359659362215,validate_order,failure
2024-01-01 02:31:00,A034,10.888721356359158,validate_order,success
2024-01-01 02:32:00,A033,28.574591468261087,risk_check,success
2024-01-01 02:33:00,A025,63.20623601219672,risk_check,success
2024-01-01 02:34:00,A023,69.34208845418789,validate_order,success
2024-01-01 02:35:00,A044,78.9584997556174,validate_order,success
2024-01-01 02:36:00,A036,76.57856123849166,execute_trade,success
2024-01-01 02:37:00,A025,34.26686103439888,validate_order,success
2024-01-01 02:38:00,A028,43.64326959196225,execute_trade,success
2024-01-01 02:39:00,A031,94.18876788856159,validate_order,failure
2024-01-01 02:40:00,A027,83.25903987855322,execute_trade,success
2024-01-01 02:41:00,A027,39.61945661903004,risk_check,success
2024-01-01 02:42:00,A040,24.5361534675678,validate_order,success
2024-01-01 02:43:00,A045,91.53603111168331,execute_trade,success
2024-01-01 02:44:00,A048,29.870248354859644,execute_trade,success
2024-01-01 02:45:00,A048,93.0410739288081,validate_order,success
2024-01-01 02:46:00,A042,83.12827129967717,validate_order,success
2024-01-01 02:47:00,A020,27.331513700839977,execute_trade,success
2024-01-01 02:48:00,A034,35.51740919863759,validate_order,success
2024-01-01 02:49:00,A038,12.619622853003735,execute_trade,success
2024-01-01 02:50:00,A041,62.17313007776266,risk_check,success
2024-01-01 02:51:00,A023,72.90367743301746,execute_trade,success
2024-01-01 02:52:00,A033,25.563816520497422,validate_order,success
2024-01-01 02:53:00,A036,25.740004657222595,execute_trade,failure
2024-01-01 02:54:00,A036,63.1226766708037,execute_trade,success
2024-01-01 02:55:00,A031,30.722599973414184,risk_check,success
2024-01-01 02:56:00,A047,32.23992504174011,validate_order,failure
2024-01-01 02:57:00,A029,35.990530231538216,validate_order,success
2024-01-01 02:58:00,A034,16.7617231283598,execute_trade,success
2024-01-01 02:59:00,A031,26.729357382249137,risk_check,success
2024-01-01 03:00:00,A028,52.754959461672655,validate_order,failure
2024-01-01 03:01:00,A024,80.59073012552265,execute_trade,success
2024-01-01 03:02:00,A031,31.77137529010521,execute_trade,success
2024-01-01 03:03:00,A037,83.94361093409573,validate_order,success
2024-01-01 03:04:00,A048,35.94473850731143,execute_trade,success
2024-01-01 03:05:00,A024,41.566009014080784,validate_order,success
2024-01-01 03:06:00,A036,15.29800381757841,execute_trade,success
2024-01-01 03:07:00,A042,13.201721087842314,risk_check,success
2024-01-01 03:08:00,A046,15.825581573513489,validate_order,success
2024-01-01 03:09:00,A027,35.093873403536264,risk_check,failure
2024-01-01 03:10:00,A044,35.33455561418602,validate_order,success
2024-01-01 03:11:00,A042,84.46649606940464,risk_check,success
2024-01-01 03:12:00,A038,67.09446960886922,validate_order,success
2024-01-01 03:13:00,A048,83.39947380238063,validate_order,success
2024-01-01 03:14:00,A039,31.620018583429196,execute_trade,success
2024-01-01 03:15:00,A036,92.20239090642205,execute_trade,success
2024-01-01 03:16:00,A027,25.788707634955117,risk_check,success
2024-01-01 03:17:00,A023,93.67638705816634,validate_order,success
2024-01-01 03:18:00,A022,72.97286633666536,execute_trade,failure
2024-01-01 03:19:00,A044,53.593441199646925,execute_trade,failure
2024-01-01 03:20:00,A030,88.76847171397874,execute_trade,success
2024-01-01 03:21:00,A035,89.59869551437804,execute_trade,success
2024-01-01 03:22:00,A032,53.501417334891016,risk_check,failure
2024-01-01 03:23:00,A032,50.44393278718392,validate_order,success
2024-01-01 03:24:00,A035,49.577859139279184,execute_trade,success
2024-01-01 03:25:00,A042,67.6632893106318,execute_trade,success
2024-01-01 03:26:00,A023,30.124770488424414,risk_check,success
2024-01-01 03:27:00,A023,73.65053955888646,risk_check,success
2024-01-01 03:28:00,A048,63.15057163315632,risk_check,success
2024-01-01 03:29:00,A024,76.61865528821846,execute_trade,success
2024-01-01 03:30:00,A039,71.74973132222358,execute_trade,failure
2024-01-01 03:31:00,A022,93.6857013908398,validate_order,success
2024-01-01 03:32:00,A024,69.43811210719834,risk_check,success
2024-01-01 03:33:00,A021,33.25385626281173,validate_order,success
2024-01-01 03:34:00,A029,30.48073025201734,execute_trade,success
2024-01-01 03:35:00,A020,64.2433587441859,execute_trade,failure
2024-01-01 03:36:00,A035,46.701834331174815,execute_trade,success
2024-01-01 03:37:00,A037,95.08846358316386,validate_order,success
2024-01-01 03:38:00,A042,93.62560985951484,validate_order,success
2024-01-01 03:39:00,A039,79.87950492403765,risk_check,success
2024-01-01 03:40:00,A039,92.98773360735592,execute_trade,success
2024-01-01 03:41:00,A042,52.64389913181211,validate_order,success
2024-01-01 03:42:00,A032,32.52554958417161,risk_check,success
2024-01-01 03:43:00,A028,21.99278490643932,execute_trade,success
2024-01-01 03:44:00,A049,27.071390197834557,execute_trade,success
2024-01-01 03:45:00,A025,18.68854001901205,execute_trade,success
2024-01-01 03:46:00,A024,12.475254167668359,execute_trade,success
2024-01-01 03:47:00,A042,24.41021659554419,execute_trade,success
2024-01-01 03:48:00,A038,70.97960268149758,execute_trade,success
2024-01-01 03:49:00,A021,47.45617409506748,execute_trade,success
2024-01-01 03:50:00,A044,63.78246644256377,execute_trade,success
2024-01-01 03:51:00,A027,15.473554415618338,execute_trade,success
2024-01-01 03:52:00,A036,60.03416216258047,execute_trade,failure
2024-01-01 03:53:00,A040,32.11983663444654,validate_order,success
2024-01-01 03:54:00,A028,45.857689991371274,validate_order,success
2024-01-01 03:55:00,A034,48.004346371023736,execute_trade,success
2024-01-01 03:56:00,A035,79.84390842553285,execute_trade,success
2024-01-01 03:57:00,A041,99.82677819537942,execute_trade,success
2024-01-01 03:58:00,A035,26.867083208205365,execute_trade,success
2024-01-01 03:59:00,A046,49.81407338876267,risk_check,failure
2024-01-01 04:00:00,A042,88.32657963234081,execute_trade,success
2024-01-01 04:01:00,A039,79.4867486719614,validate_order,success
2024-01-01 04:02:00,A025,44.98886160800384,risk_check,success
2024-01-01 04:03:00,A021,15.63543993243163,risk_check,success
2024-01-01 04:04:00,A038,10.36895084009829,execute_trade,success
2024-01-01 04:05:00,A025,46.281545123500834,validate_order,success
2024-01-01 04:06:00,A024,89.09727333321513,execute_trade,success
2024-01-01 04:07:00,A020,33.272447060231244,risk_check,success
2024-01-01 04:08:00,A038,83.47255348050436,risk_check,success
2024-01-01 04:09:00,A040,46.70092067964055,risk_check,success
2024-01-01 04:10:00,A024,17.680906347277723,execute_trade,success
2024-01-01 04:11:00,A048,55.788792116939646,validate_order,success
2024-01-01 04:12:00,A033,87.10688956887654,risk_check,success
2024-01-01 04:13:00,A020,16.240133260675787,execute_trade,success
2024-01-01 04:14:00,A041,15.53032669823634,execute_trade,success
2024-01-01 04:15:00,A044,17.994312830453286,risk_check,success
2024-01-01 04:16:00,A029,86.88414769155837,validate_order,success
2024-01-01 04:17:00,A025,19.94250984636937,execute_trade,success
2024-01-01 04:18:00,A035,30.257002558879012,validate_order,success
2024-01-01 04:19:00,A037,92.92650887277864,risk_check,failure
2024-01-01 04:20:00,A042,45.66251061064621,risk_check,success
2024-01-01 04:21:00,A043,22.55153669127636,risk_check,success
2024-01-01 04:22:00,A047,95.09424396138023,validate_order,success
2024-01-01 04:23:00,A024,37.179622082666235,risk_check,success
2024-01-01 04:24:00,A043,57.30546799871652,validate_order,success
2024-01-01 04:25:00,A043,27.17553714389715,risk_check,success
2024-01-01 04:26:00,A029,16.01744789666064,validate_order,success
2024-01-01 04:27:00,A048,43.582153651073675,execute_trade,success
2024-01-01 04:28:00,A047,55.08839784018314,execute_trade,success
2024-01-01 04:29:00,A022,74.86599899019025,risk_check,success
2024-01-01 04:30:00,A049,76.88041939485258,execute_trade,success
2024-01-01 04:31:00,A023,57.595616227032615,validate_order,failure
2024-01-01 04:32:00,A034,33.09411873119354,execute_trade,success
2024-01-01 04:33:00,A027,75.28153952667026,execute_trade,success
2024-01-01 04:34:00,A048,93.50510310486196,validate_order,failure
2024-01-01 04:35:00,A020,67.80645814407083,risk_check,success
2024-01-01 04:36:00,A023,68.70471082486813,risk_check,success
2024-01-01 04:37:00,A046,49.54803781133648,risk_check,success
2024-01-01 04:38:00,A042,47.19947157516473,risk_check,success
2024-01-01 04:39:00,A036,39.625768353464025,execute_trade,success
2024-01-01 04:40:00,A046,10.55873173477689,risk_check,success
2024-01-01 04:41:00,A029,48.116378753516514,validate_order,success
2024-01-01 04:42:00,A028,55.666476200451626,validate_order,success
2024-01-01 04:43:00,A038,13.41776385334445,risk_check,success
2024-01-01 04:44:00,A033,18.235966190401896,validate_order,success
2024-01-01 04:45:00,A029,64.7997694246995,execute_trade,success
2024-01-01 04:46:00,A034,96.87697214772767,validate_order,success
2024-01-01 04:47:00,A030,35.09780958993205,risk_check,failure
2024-01-01 04:48:00,A048,23.76106883344121,validate_order,success
2024-01-01 04:49:00,A045,80.43760576821,validate_order,success
2024-01-01 04:50:00,A033,92.2568843771131,risk_check,success
2024-01-01 04:51:00,A021,14.717757274967859,execute_trade,success
2024-01-01 04:52:00,A033,53.61992227673411,execute_trade,success
2024-01-01 04:53:00,A047,15.9171286512595,execute_trade,success
2024-01-01 04:54:00,A031,78.44382866826074,execute_trade,failure
2024-01-01 04:55:00,A024,76.20400892467036,risk_check,success
2024-01-01 04:56:00,A042,27.974366210034074,validate_order,success
2024-01-01 04:57:00,A027,72.64057655061188,execute_trade,success
2024-01-01 04:58:00,A024,97.50985062900708,validate_order,success
2024-01-01 04:59:00,A029,72.32771174515108,execute_trade,success
2024-01-01 05:00:00,A025,53.43246859182932,risk_check,success
2024-01-01 05:01:00,A020,21.54348457778675,execute_trade,success
2024-01-01 05:02:00,A026,54.8945492569092,execute_trade,success
2024-01-01 05:03:00,A045,76.890965838017,validate_order,success
2024-01-01 05:04:00,A026,29.430593515062768,execute_trade,success
2024-01-01 05:05:00,A020,71.89824516529542,validate_order,success
2024-01-01 05:06:00,A049,38.338881781913145,validate_order,success
2024-01-01 05:07:00,A036,33.352228641590784,validate_order,success
2024-01-01 05:08:00,A048,43.17959337236765,execute_trade,success
2024-01-01 05:09:00,A033,93.80561032222616,validate_order,success
2024-01-01 05:10:00,A038,14.07586120353908,execute_trade,success
2024-01-01 05:11:00,A044,70.61009466833323,risk_check,success
2024-01-01 05:12:00,A034,20.07957064559787,risk_check,success
2024-01-01 05:13:00,A042,75.40068088926922,risk_check,success
2024-01-01 05:14:00,A028,31.315638772877723,execute_trade,failure
2024-01-01 05:15:00,A037,70.96439186499306,risk_check,success
2024-01-01 05:16:00,A036,16.17719652014145,execute_trade,success
2024-01-01 05:17:00,A043,13.298053939744165,risk_check,success
2024-01-01 05:18:00,A030,92.71053681463941,validate_order,success
2024-01-01 05:19:00,A046,62.76602014842776,execute_trade,success
2024-01-01 05:20:00,A021,68.94096235593891,risk_check,success
2024-01-01 05:21:00,A042,21.435995733315753,risk_check,success
2024-01-01 05:22:00,A029,84.99957421289034,risk_check,success
2024-01-01 05:23:00,A039,98.8565910491578,risk_check,success
2024-01-01 05:24:00,A041,45.858856995470546,validate_order,success
2024-01-01 05:25:00,A024,35.648503368643915,risk_check,success
2024-01-01 05:26:00,A047,55.71491535892591,execute_trade,success
2024-01-01 05:27:00,A021,86.69212686118189,risk_check,success
2024-01-01 05:28:00,A028,19.457482353818623,validate_order,success
2024-01-01 05:29:00,A029,64.29378277892002,execute_trade,success
2024-01-01 05:30:00,A047,82.9359043173958,risk_check,success
2024-01-01 05:31:00,A029,37.97827378641159,validate_order,success
2024-01-01 05:32:00,A036,71.75226108271173,risk_check,success
2024-01-01 05:33:00,A044,65.20123110189624,validate_order,success
2024-01-01 05:34:00,A040,25.21251000348398,execute_trade,failure
2024-01-01 05:35:00,A045,78.46713814155017,risk_check,success
2024-01-01 05:36:00,A043,48.12016498246457,execute_trade,success
2024-01-01 05:37:00,A040,49.800027080818985,risk_check,success
2024-01-01 05:38:00,A049,44.050105892413136,execute_trade,success
2024-01-01 05:39:00,A026,43.9822915212234,risk_check,success
2024-01-01 05:40:00,A023,57.257937117276505,validate_order,success
2024-01-01 05:41:00,A025,67.07035419599192,risk_check,success
2024-01-01 05:42:00,A042,66.40695381709568,execute_trade,success
2024-01-01 05:43:00,A030,43.2448891441376,risk_check,success
2024-01-01 05:44:00,A033,25.69809569641961,validate_order,success
2024-01-01 05:45:00,A044,87.5517618368561,validate_order,success
2024-01-01 05:46:00,A026,56.688676330556014,risk_check,success
2024-01-01 05:47:00,A030,53.20713315422059,execute_trade,success
2024-01-01 05:48:00,A023,71.1487388989499,risk_check,success
2024-01-01 05:49:00,A043,13.470505079851504,risk_check,success
2024-01-01 05:50:00,A033,26.438963521718996,execute_trade,success
2024-01-01 05:51:00,A029,24.830089931606103,execute_trade,success
2024-01-01 05:52:00,A025,64.66372204392981,execute_trade,success
2024-01-01 05:53:00,A020,20.65798845522515,risk_check,success
2024-01-01 05:54:00,A038,71.0984000837621,validate_order,success
2024-01-01 05:55:00,A027,45.63519339634966,validate_order,success
2024-01-01 05:56:00,A046,58.822912950924824,risk_check,success
2024-01-01 05:57:00,A023,40.66640821405158,validate_order,success
2024-01-01 05:58:00,A041,41.25234939379259,risk_check,success
2024-01-01 05:59:00,A030,54.561997296438086,risk_check,success
2024-01-01 06:00:00,A022,45.96159881629548,risk_check,success
2024-01-01 06:01:00,A026,77.66668990699533,validate_order,success
2024-01-01 06:02:00,A039,47.270490643603246,risk_check,success
2024-01-01 06:03:00,A029,75.03257301228794,risk_check,success
2024-01-01 06:04:00,A030,95.86529439236888,risk_check,success
2024-01-01 06:05:00,A040,50.48704606562748,validate_order,success
2024-01-01 06:06:00,A028,49.20449955184502,risk_check,failure
2024-01-01 06:07:00,A021,59.1460947617137,risk_check,success
2024-01-01 06:08:00,A029,50.721088927544514,execute_trade,success
2024-01-01 06:09:00,A033,44.84072917496607,validate_order,success
2024-01-01 06:10:00,A048,67.2255520636604,execute_trade,success
2024-01-01 06:11:00,A041,28.479545561034627,risk_check,failure
2024-01-01 06:12:00,A038,31.355921557561803,execute_trade,success
2024-01-01 06:13:00,A020,77.02819922216943,validate_order,failure
2024-01-01 06:14:00,A038,59.9567292338005,risk_check,success
2024-01-01 06:15:00,A033,21.190820707464226,validate_order,failure
2024-01-01 06:16:00,A030,97.43831861392822,validate_order,success
2024-01-01 06:17:00,A024,86.39950360031436,execute_trade,success
2024-01-01 06:18:00,A032,26.364766194320858,validate_order,success
2024-01-01 06:19:00,A023,30.794968671424286,validate_order,failure
2024-01-01 06:20:00,A020,88.57660491232745,risk_check,success
2024-01-01 06:21:00,A034,59.12018726332244,execute_trade,success
2024-01-01 06:22:00,A022,27.054818741411413,risk_check,success
2024-01-01 06:23:00,A042,95.6271912765177,execute_trade,success
2024-01-01 06:24:00,A028,81.16199560630196,validate_order,success
2024-01-01 06:25:00,A043,46.39588240926509,risk_check,success
2024-01-01 06:26:00,A040,86.557957208468,validate_order,success
2024-01-01 06:27:00,A028,72.81420186008731,execute_trade,success
2024-01-01 06:28:00,A032,16.561352853054462,execute_trade,success
2024-01-01 06:29:00,A034,17.727864918006937,execute_trade,success
2024-01-01 06:30:00,A042,97.93863340241315,risk_check,success
2024-01-01 06:31:00,A032,56.91335170148436,execute_trade,success
2024-01-01 06:32:00,A028,22.78874480377301,validate_order,success
2024-01-01 06:33:00,A028,46.45554454960573,risk_check,success
2024-01-01 06:34:00,A040,20.369374482012745,validate_order,success
2024-01-01 06:35:00,A046,88.48093450670359,risk_check,success
2024-01-01 06:36:00,A025,99.91791123066146,execute_trade,success
2024-01-01 06:37:00,A029,24.537351514826778,execute_trade,failure
2024-01-01 06:38:00,A039,81.80784653933097,validate_order,success
2024-01-01 06:39:00,A023,41.82215723552202,execute_trade,success
2024-01-01 06:40:00,A023,64.19409402476195,execute_trade,success
2024-01-01 06:41:00,A024,47.98038078566696,execute_trade,success
2024-01-01 06:42:00,A042,12.71383272677834,risk_check,failure
2024-01-01 06:43:00,A035,22.15359853762903,risk_check,success
2024-01-01 06:44:00,A046,48.077103042879116,risk_check,success
2024-01-01 06:45:00,A020,45.233165848228275,validate_order,success
2024-01-01 06:46:00,A024,73.54048543770098,execute_trade,success
2024-01-01 06:47:00,A022,85.83378137266291,validate_order,success
2024-01-01 06:48:00,A038,71.3622659628052,risk_check,success
2024-01-01 06:49:00,A021,36.316660006055436,risk_check,success
2024-01-01 06:50:00,A045,63.81725233552791,execute_trade,success
2024-01-01 06:51:00,A027,42.86548697266088,validate_order,success
2024-01-01 06:52:00,A048,11.259996813333771,validate_order,success
2024-01-01 06:53:00,A037,82.2419836349332,validate_order,success
2024-01-01 06:54:00,A023,93.85340743970205,execute_trade,success
2024-01-01 06:55:00,A044,91.30916445853437,validate_order,success
2024-01-01 06:56:00,A034,50.90017513397772,risk_check,success
2024-01-01 06:57:00,A020,18.871823100794344,validate_order,success
2024-01-01 06:58:00,A028,70.14953119668587,execute_trade,success
2024-01-01 06:59:00,A046,31.756468325524594,risk_check,failure
2024-01-01 07:00:00,A032,71.8877135230912,validate_order,success
2024-01-01 07:01:00,A035,52.30522037877332,execute_trade,success
2024-01-01 07:02:00,A045,71.95537587464759,execute_trade,success
2024-01-01 07:03:00,A034,68.14382585704585,execute_trade,success
2024-01-01 07:04:00,A020,38.578364476673585,risk_check,failure
2024-01-01 07:05:00,A024,17.023492531920045,execute_trade,success
2024-01-01 07:06:00,A039,87.96970342803094,execute_trade,success
2024-01-01 07:07:00,A048,37.686441375594875,validate_order,success
2024-01-01 07:08:00,A027,52.18679688064155,risk_check,success
2024-01-01 07:09:00,A024,67.18278241622615,risk_check,success
2024-01-01 07:10:00,A047,96.72920112587067,execute_trade,success
2024-01-01 07:11:00,A049,48.10712139622457,execute_trade,success
2024-01-01 07:12:00,A032,73.44652676174687,risk_check,success
2024-01-01 07:13:00,A034,71.11661503249509,execute_trade,success
2024-01-01 07:14:00,A037,93.30285298525314,execute_trade,success
2024-01-01 07:15:00,A047,51.933425383739355,validate_order,success
2024-01-01 07:16:00,A022,68.56248338615796,execute_trade,success
2024-01-01 07:17:00,A020,45.15579333249722,risk_check,success
2024-01-01 07:18:00,A022,39.657852428493236,risk_check,failure
2024-01-01 07:19:00,A024,24.505734801052956,validate_order,success
2024-01-01 07:20:00,A035,71.01856777247032,risk_check,success
2024-01-01 07:21:00,A038,26.41122999724231,risk_check,success
2024-01-01 07:22:00,A032,25.823405360681225,execute_trade,success
2024-01-01 07:23:00,A048,51.892481294979255,risk_check,success
2024-01-01 07:24:00,A026,18.989423342346704,validate_order,success
2024-01-01 07:25:00,A043,36.944939794204224,execute_trade,success
2024-01-01 07:26:00,A047,66.81958802060987,execute_trade,success
2024-01-01 07:27:00,A032,20.7019893469168,risk_check,failure
2024-01-01 07:28:00,A020,40.023701794429684,execute_trade,success
2024-01-01 07:29:00,A036,21.508905212380444,risk_check,success
2024-01-01 07:30:00,A034,36.982387942719186,execute_trade,success
2024-01-01 07:31:00,A031,41.92648164565758,execute_trade,success
2024-01-01 07:32:00,A029,40.33653383808832,execute_trade,success
2024-01-01 07:33:00,A025,13.42277578527102,execute_trade,success
2024-01-01 07:34:00,A020,49.51984580546236,execute_trade,success
2024-01-01 07:35:00,A033,32.87194246808353,risk_check,failure
2024-01-01 07:36:00,A040,91.12667267966842,risk_check,success
2024-01-01 07:37:00,A035,32.88801693493853,execute_trade,success
2024-01-01 07:38:00,A041,15.256507891478515,risk_check,failure
2024-01-01 07:39:00,A042,80.96503180801757,risk_check,success
2024-01-01 07:40:00,A033,40.55784776601821,risk_check,success
2024-01-01 07:41:00,A021,24.707652352954312,risk_check,success
2024-01-01 07:42:00,A033,93.2864450006801,execute_trade,success
2024-01-01 07:43:00,A045,84.87089855244318,validate_order,success
2024-01-01 07:44:00,A037,63.03023343762048,risk_check,success
2024-01-01 07:45:00,A048,73.38410262792257,execute_trade,failure
2024-01-01 07:46:00,A021,18.876730881013636,risk_check,success
2024-01-01 07:47:00,A041,38.00993161632816,risk_check,success
2024-01-01 07:48:00,A026,15.498124607273287,validate_order,success
2024-01-01 07:49:00,A040,90.90530612261452,validate_order,success
2024-01-01 07:50:00,A020,89.208867222596,risk_check,success
2024-01-01 07:51:00,A041,27.84064333542303,execute_trade,success
2024-01-01 07:52:00,A048,92.46868646491868,risk_check,success
2024-01-01 07:53:00,A027,57.50773778136484,risk_check,success
2024-01-01 07:54:00,A031,76.80115772672349,execute_trade,success
2024-01-01 07:55:00,A037,64.48258395856942,validate_order,success
2024-01-01 07:56:00,A041,14.231132870544936,execute_trade,success
2024-01-01 07:57:00,A035,75.984503426488,validate_order,success
2024-01-01 07:58:00,A034,81.46060390987927,validate_order,success
2024-01-01 07:59:00,A040,82.75555822904225,execute_trade,success
2024-01-01 08:00:00,A049,46.56060081331016,risk_check,success
2024-01-01 08:01:00,A036,79.66302445405006,validate_order,success
2024-01-01 08:02:00,A043,83.70114546871748,risk_check,success
2024-01-01 08:03:00,A049,87.15048059299076,validate_order,success
2024-01-01 08:04:00,A020,12.307703003647221,risk_check,success
2024-01-01 08:05:00,A037,42.353253388720525,execute_trade,success
2024-01-01 08:06:00,A032,94.95191970391849,execute_trade,success
2024-01-01 08:07:00,A032,25.822740121307596,validate_order,success
2024-01-01 08:08:00,A028,92.17730785575576,risk_check,success
2024-01-01 08:09:00,A048,24.149831192198796,risk_check,success
2024-01-01 08:10:00,A020,76.0462715957046,validate_order,success
2024-01-01 08:11:00,A022,32.04268398786991,validate_order,success
2024-01-01 08:12:00,A035,45.93288379124126,validate_order,success
2024-01-01 08:13:00,A039,75.10548117253492,risk_check,success
2024-01-01 08:14:00,A039,70.83578159035987,validate_order,success
2024-01-01 08:15:00,A024,56.551388466525495,execute_trade,success
2024-01-01 08:16:00,A034,36.25963385920615,risk_check,success
2024-01-01 08:17:00,A024,27.89612419083695,risk_check,success
2024-01-01 08:18:00,A035,66.91887456345489,validate_order,success
2024-01-01 08:19:00,A042,78.73324412928812,execute_trade,failure
